PERSON_ID,FIRST_NAME,LAST_NAME,DISPLAY_FIRST_LAST,BIRTHDATE,SCHOOL,COUNTRY,HEIGHT,WEIGHT,POSITION,ROSTERSTATUS,TEAM_ID,FROM_YEAR,TO_YEAR,DRAFT_YEAR,DRAFT_ROUND,DRAFT_NUMBER
1629121,Jaylen,Adams,Jaylen Adams,1996-05-04T00:00:00,St. Bonaventure,USA,6-2,190,Guard,Active,1610612737,2018,2018,Undrafted,Undrafted,Undrafted
203500,Steven,Adams,Steven Adams,1993-07-20T00:00:00,Pittsburgh,New Zealand,7-0,265,Center,Active,1610612760,2013,2018,2013,1,12
1628389,Bam,Adebayo,Bam Adebayo,1997-07-18T00:00:00,Kentucky,USA,6-10,255,Center-Forward,Active,1610612748,2017,2018,2017,1,14
1629061,Deng,Adel,Deng Adel,1997-02-01T00:00:00,,South Sudan,6-7,200,Forward,Active,1610612739,2018,2018,Undrafted,Undrafted,Undrafted
200746,LaMarcus,Aldridge,LaMarcus Aldridge,1985-07-19T00:00:00,Texas,USA,6-11,260,Center-Forward,Active,1610612759,2006,2018,2006,1,2
1628959,Rawle,Alkins,Rawle Alkins,1997-10-29T00:00:00,,USA,6-5,225,Guard,Active,1610612741,2018,2018,Undrafted,Undrafted,Undrafted
1628960,Grayson,Allen,Grayson Allen,1995-10-08T00:00:00,Duke,USA,6-5,198,Guard,Active,1610612762,2018,2018,2018,1,21
1628386,Jarrett,Allen,Jarrett Allen,1998-04-21T00:00:00,Texas,USA,6-11,237,Center,Active,1610612751,2017,2018,2017,1,22
1628443,Kadeem,Allen,Kadeem Allen,1993-01-15T00:00:00,Arizona,USA,6-3,200,Guard,Active,1610612738,2017,2018,2017,2,53
202329,Al-Farouq,Aminu,Al-Farouq Aminu,1990-09-21T00:00:00,Wake Forest,USA,6-9,220,Forward,Active,1610612757,2010,2018,2010,1,8
1626147,Justin,Anderson,Justin Anderson,1993-11-19T00:00:00,Virginia,USA,6-6,230,Guard-Forward,Active,1610612737,2015,2018,2015,1,21
203937,Kyle,Anderson,Kyle Anderson,1993-09-20T00:00:00,UCLA,USA,6-9,230,Forward,Active,1610612763,2014,2018,2014,1,30
201583,Ryan,Anderson,Ryan Anderson,1988-05-06T00:00:00,California,USA,6-10,240,Forward,Active,1610612748,2008,2018,2008,1,21
203507,Giannis,Antetokounmpo,Giannis Antetokounmpo,1994-12-06T00:00:00,Greece,Greece,6-11,242,Forward,Active,1610612749,2013,2018,2013,1,15
1628961,Kostas,Antetokounmpo,Kostas Antetokounmpo,1997-11-20T00:00:00,Dayton,Greece,6-10,200,Forward,Active,1610612742,2018,2018,2018,2,60
1628384,OG,Anunoby,OG Anunoby,1997-07-17T00:00:00,Indiana,United Kingdom,6-8,232,Forward,Active,1610612761,2017,2018,2017,1,23
1627853,Ryan,Arcidiacono,Ryan Arcidiacono,1994-03-26T00:00:00,Villanova,USA,6-3,200,Guard,Active,1610612741,2017,2018,Undrafted,Undrafted,Undrafted
2772,Trevor,Ariza,Trevor Ariza,1985-06-30T00:00:00,UCLA,USA,6-8,215,Forward,Active,1610612764,2004,2018,2004,2,43
201571,D.J.,Augustin,D.J. Augustin,1987-11-10T00:00:00,Texas,USA,6-0,183,Guard,Active,1610612753,2008,2018,2008,1,9
1629028,Deandre,Ayton,Deandre Ayton,1998-07-23T00:00:00,Arizona,Bahamas,7-1,250,Center,Active,1610612756,2018,2018,2018,1,1
1628407,Dwayne,Bacon,Dwayne Bacon,1995-08-30T00:00:00,Florida State,USA,6-7,221,Guard-Forward,Active,1610612766,2017,2018,2017,2,40
1628963,Marvin,Bagley III,Marvin Bagley III,1999-03-14T00:00:00,Duke,USA,6-11,234,Forward,Active,1610612758,2018,2018,2018,1,2
1628366,Lonzo,Ball,Lonzo Ball,1997-10-27T00:00:00,California-Los Angeles,USA,6-6,190,Guard,Active,1610612747,2017,2018,2017,1,2
1628964,Mo,Bamba,Mo Bamba,1998-05-12T00:00:00,Texas,USA,7-0,221,Center,Active,1610612753,2018,2018,2018,1,6
200826,J.J.,Barea,J.J. Barea,1984-06-26T00:00:00,Northeastern,Puerto Rico,6-0,185,Guard,Active,1610612742,2006,2018,Undrafted,Undrafted,Undrafted
203084,Harrison,Barnes,Harrison Barnes,1992-05-30T00:00:00,North Carolina,USA,6-8,225,Forward,Active,1610612758,2012,2018,2012,1,7
203115,Will,Barton,Will Barton,1991-01-06T00:00:00,Memphis,USA,6-6,190,Guard,Active,1610612743,2012,2018,2012,2,40
1628966,Keita,Bates-Diop,Keita Bates-Diop,1996-01-23T00:00:00,Ohio State,USA,6-9,229,Forward,Active,1610612750,2018,2018,2018,2,48
201587,Nicolas,Batum,Nicolas Batum,1988-12-14T00:00:00,"Lisieux, France",France,6-8,200,Forward-Guard,Active,1610612766,2008,2018,2008,1,25
201573,Jerryd,Bayless,Jerryd Bayless,1988-08-20T00:00:00,Arizona,USA,6-3,200,Guard,Active,1610612750,2008,2018,2008,1,11
203382,Aron,Baynes,Aron Baynes,1986-12-09T00:00:00,Washington State,Australia,6-10,260,Center-Forward,Active,1610612738,2012,2018,Undrafted,Undrafted,Undrafted
203145,Kent,Bazemore,Kent Bazemore,1989-07-01T00:00:00,Old Dominion,USA,6-5,201,Guard,Active,1610612737,2012,2018,Undrafted,Undrafted,Undrafted
203078,Bradley,Beal,Bradley Beal,1993-06-28T00:00:00,Florida,USA,6-5,207,Guard,Active,1610612764,2012,2018,2012,1,3
1627736,Malik,Beasley,Malik Beasley,1996-11-26T00:00:00,Florida State,USA,6-5,195,Guard,Active,1610612743,2016,2018,2016,1,19
201158,Marco,Belinelli,Marco Belinelli,1986-03-25T00:00:00,"Bologna, Italy",Italy,6-5,210,Guard-Forward,Active,1610612759,2007,2018,2007,1,18
1628395,Jordan,Bell,Jordan Bell,1995-01-07T00:00:00,Oregon,USA,6-9,224,Forward,Active,1610612744,2017,2018,2017,2,38
1627761,DeAndre',Bembry,DeAndre' Bembry,1994-07-04T00:00:00,Saint Joseph's,USA,6-6,210,Forward,Active,1610612737,2016,2018,2016,1,21
1627733,Dragan,Bender,Dragan Bender,1997-11-17T00:00:00,,Croatia,7-1,225,Forward,Active,1610612756,2016,2018,2016,1,4
1629541,Dairis,Bertans,Dairis Bertans,1989-09-09T00:00:00,,Latvia,6-4,200,Guard,Active,1610612740,2018,2018,Undrafted,Undrafted,Undrafted
202722,Davis,Bertans,Davis Bertans,1992-11-12T00:00:00,,Latvia,6-10,225,Forward,Active,1610612759,2016,2018,2011,2,42
201976,Patrick,Beverley,Patrick Beverley,1988-07-12T00:00:00,Arkansas,USA,6-1,185,Guard,Active,1610612746,2012,2018,2009,2,42
1629167,Justin,Bibbs,Justin Bibbs,1996-01-14T00:00:00,,USA,6-5,220,Guard,Active,1610612746,2018,2018,Undrafted,Undrafted,Undrafted
203920,Khem,Birch,Khem Birch,1992-09-28T00:00:00,Nevada-Las Vegas,Canada,6-9,233,Center,Active,1610612753,2017,2018,Undrafted,Undrafted,Undrafted
202687,Bismack,Biyombo,Bismack Biyombo,1992-08-28T00:00:00,"Lubumbashi, DR Congo",Democratic Republic of the Congo,6-9,255,Center,Active,1610612766,2011,2018,2011,1,7
202357,Nemanja,Bjelica,Nemanja Bjelica,1988-05-09T00:00:00,,Serbia,6-10,234,Forward,Active,1610612758,2015,2018,2010,2,35
1628469,Antonio,Blakeney,Antonio Blakeney,1996-10-04T00:00:00,Louisiana State,USA,6-4,192,Guard,Active,1610612741,2017,2018,Undrafted,Undrafted,Undrafted
202339,Eric,Bledsoe,Eric Bledsoe,1989-12-09T00:00:00,Kentucky,USA,6-1,205,Guard,Active,1610612749,2010,2018,2010,1,18
1628417,Jaron,Blossomgame,Jaron Blossomgame,1993-09-16T00:00:00,Clemson,USA,6-8,220,Forward,Active,1610612739,2018,2018,2017,2,59
1629129,Trevon,Bluiett,Trevon Bluiett,1994-11-04T00:00:00,Xavier (Ohio),USA,6-6,198,Guard-Forward,Active,1610612740,2018,2018,Undrafted,Undrafted,Undrafted
203992,Bogdan,Bogdanovic,Bogdan Bogdanovic,1992-08-18T00:00:00,,Serbia,6-6,205,Guard,Active,1610612758,2017,2018,2014,1,27
202711,Bojan,Bogdanovic,Bojan Bogdanovic,1989-04-18T00:00:00,,Croatia,6-8,216,Forward,Active,1610612754,2014,2018,2011,2,31
101106,Andrew,Bogut,Andrew Bogut,1984-11-28T00:00:00,Utah,Australia,7-0,260,Center,Active,1610612749,2005,2018,2005,1,1
1628413,Jonah,Bolden,Jonah Bolden,1996-01-02T00:00:00,,Australia,6-10,220,Forward,Active,1610612755,2018,2018,2017,2,36
1629067,Isaac,Bonga,Isaac Bonga,1999-11-08T00:00:00,,Germany,6-8,180,Guard,Active,1610612747,2018,2018,2018,2,39
1626164,Devin,Booker,Devin Booker,1996-10-30T00:00:00,Kentucky,USA,6-6,210,Guard,Active,1610612756,2015,2018,2015,1,13
1628449,Chris,Boucher,Chris Boucher,1993-01-11T00:00:00,Oregon,Canada,6-10,200,Forward,Active,1610612761,2017,2018,Undrafted,Undrafted,Undrafted
202340,Avery,Bradley,Avery Bradley,1990-11-26T00:00:00,Texas,USA,6-2,180,Guard,Active,1610612763,2010,2018,2010,1,19
1628396,Tony,Bradley,Tony Bradley,1998-01-08T00:00:00,North Carolina,USA,6-10,248,Center,Active,1610612762,2017,2018,2017,1,28
201147,Corey,Brewer,Corey Brewer,1986-03-05T00:00:00,Florida,USA,6-9,186,Guard-Forward,Active,1610612750,2007,2018,2007,1,7
1628969,Mikal,Bridges,Mikal Bridges,1996-08-30T00:00:00,Villanova,USA,6-7,210,Forward,Active,1610612756,2018,2018,2018,1,10
1628970,Miles,Bridges,Miles Bridges,1998-03-21T00:00:00,Michigan State,USA,6-7,225,Forward,Active,1610612766,2018,2018,2018,1,12
1628515,Isaiah,Briscoe,Isaiah Briscoe,1996-04-13T00:00:00,,USA,6-3,215,Guard,Active,1610612753,2018,2018,Undrafted,Undrafted,Undrafted
1629151,Ryan,Broekhoff,Ryan Broekhoff,1990-08-23T00:00:00,,Australia,6-7,215,Guard-Forward,Active,1610612742,2018,2018,Undrafted,Undrafted,Undrafted
1627763,Malcolm,Brogdon,Malcolm Brogdon,1992-12-11T00:00:00,Virginia,USA,6-5,229,Guard,Active,1610612749,2016,2018,2016,2,36
1628415,Dillon,Brooks,Dillon Brooks,1996-01-22T00:00:00,Oregon,Canada,6-6,220,Guard-Forward,Active,1610612763,2017,2018,2017,2,45
1628971,Bruce,Brown,Bruce Brown,1996-08-15T00:00:00,Miami (FL),USA,6-5,202,Guard,Active,1610612765,2018,2018,2018,2,42
1627759,Jaylen,Brown,Jaylen Brown,1996-10-24T00:00:00,California,USA,6-7,220,Guard,Active,1610612738,2016,2018,2016,1,3
1628425,Sterling,Brown,Sterling Brown,1995-02-10T00:00:00,Southern Methodist,USA,6-6,232,Guard,Active,1610612749,2017,2018,2017,2,46
1628972,Troy,Brown Jr.,Troy Brown Jr.,1999-07-28T00:00:00,Oregon,USA,6-7,215,Forward,Active,1610612764,2018,2018,2018,1,15
1628973,Jalen,Brunson,Jalen Brunson,1996-08-31T00:00:00,Villanova,USA,6-3,190,Guard,Active,1610612742,2018,2018,2018,2,33
1628418,Thomas,Bryant,Thomas Bryant,1997-07-31T00:00:00,Indiana,USA,6-11,248,Center,Active,1610612764,2017,2018,2017,2,42
203493,Reggie,Bullock,Reggie Bullock,1991-03-16T00:00:00,North Carolina,USA,6-7,205,Guard-Forward,Active,1610612747,2013,2018,2013,1,25
203504,Trey,Burke,Trey Burke,1992-11-12T00:00:00,Michigan,USA,6-1,175,Guard,Active,1610612742,2013,2018,2013,1,9
202692,Alec,Burks,Alec Burks,1991-07-20T00:00:00,Colorado,USA,6-6,214,Guard,Active,1610612758,2011,2018,2011,1,12
1629126,Deonte,Burton,Deonte Burton,1994-01-31T00:00:00,Iowa State,USA,6-5,245,Guard,Active,1610612760,2018,2018,Undrafted,Undrafted,Undrafted
202710,Jimmy,Butler,Jimmy Butler,1989-09-14T00:00:00,Marquette,USA,6-8,232,Guard-Forward,Active,1610612755,2011,2018,2011,1,30
203998,Bruno,Caboclo,Bruno Caboclo,1995-09-21T00:00:00,,Brazil,6-9,218,Forward,Active,1610612761,2014,2018,2014,1,20
101181,Jose,Calderon,Jose Calderon,1981-09-28T00:00:00,"Villanueva de la Serena, Spain",Spain,6-3,200,Guard,Active,1610612765,2005,2018,Undrafted,Undrafted,Undrafted
203484,Kentavious,Caldwell-Pope,Kentavious Caldwell-Pope,1993-02-18T00:00:00,Georgia,USA,6-5,205,Guard,Active,1610612747,2013,2018,2013,1,8
203991,Clint,Capela,Clint Capela,1994-05-18T00:00:00,,Switzerland,6-10,240,Center,Active,1610612745,2014,2018,2014,1,25
201960,DeMarre,Carroll,DeMarre Carroll,1986-07-27T00:00:00,Missouri,USA,6-8,215,Forward,Active,1610612751,2009,2018,2009,1,27
1628975,Jevon,Carter,Jevon Carter,1995-09-14T00:00:00,West Virginia,USA,6-2,196,Guard,Active,1610612763,2018,2018,2018,2,32
1713,Vince,Carter,Vince Carter,1977-01-26T00:00:00,North Carolina,USA,6-6,220,Forward-Guard,Active,1610612737,1998,2018,1998,1,5
1628976,Wendell,Carter Jr.,Wendell Carter Jr.,1999-04-16T00:00:00,Duke,USA,6-10,255,Center,Active,1610612741,2018,2018,2018,1,7
203487,Michael,Carter-Williams,Michael Carter-Williams,1991-10-10T00:00:00,Syracuse,USA,6-6,190,Guard,Active,1610612753,2013,2018,2013,1,11
1627936,Alex,Caruso,Alex Caruso,1994-02-28T00:00:00,Texas A&M,USA,6-5,186,Guard,Active,1610612747,2017,2018,Undrafted,Undrafted,Undrafted
1626161,Willie,Cauley-Stein,Willie Cauley-Stein,1993-08-18T00:00:00,Kentucky,USA,7-0,240,Center,Active,1610612758,2015,2018,2015,1,6
1628505,Troy,Caupain,Troy Caupain,1995-11-29T00:00:00,Cincinnati,USA,6-4,210,Guard,Active,1610612753,2018,2018,Undrafted,Undrafted,Undrafted
1628463,Tyler,Cavanaugh,Tyler Cavanaugh,1994-02-09T00:00:00,George Washington,USA,6-9,238,Forward,Active,1610612762,2017,2018,Undrafted,Undrafted,Undrafted
2199,Tyson,Chandler,Tyson Chandler,1982-10-02T00:00:00,Dominquez H.S,USA,7-1,240,Center,Active,1610612747,2001,2018,2001,1,2
201163,Wilson,Chandler,Wilson Chandler,1987-05-10T00:00:00,DePaul,USA,6-9,225,Forward,Active,1610612746,2007,2018,2007,1,23
1629147,Joe,Chealey,Joe Chealey,1995-11-01T00:00:00,Charleston (SC),USA,6-3,190,Guard,Active,1610612766,2018,2018,Undrafted,Undrafted,Undrafted
1629185,Chris,Chiozza,Chris Chiozza,1995-11-21T00:00:00,,USA,6-0,175,Guard,Active,1610612745,2018,2018,Undrafted,Undrafted,Undrafted
1627737,Marquese,Chriss,Marquese Chriss,1997-07-02T00:00:00,Washington,USA,6-10,240,Forward,Active,1610612739,2016,2018,2016,1,8
1629109,Gary,Clark,Gary Clark,1994-11-16T00:00:00,,USA,6-8,225,Forward,Active,1610612745,2018,2018,Undrafted,Undrafted,Undrafted
203546,Ian,Clark,Ian Clark,1991-03-07T00:00:00,Belmont,USA,6-3,175,Guard,Active,1610612740,2013,2018,Undrafted,Undrafted,Undrafted
203903,Jordan,Clarkson,Jordan Clarkson,1992-06-07T00:00:00,Missouri,USA,6-5,194,Guard,Active,1610612739,2014,2018,2014,2,46
1628381,John,Collins,John Collins,1997-09-23T00:00:00,Wake Forest,USA,6-10,235,Forward-Center,Active,1610612737,2017,2018,2017,1,19
1628380,Zach,Collins,Zach Collins,1997-11-19T00:00:00,Gonzaga,USA,7-0,235,Forward-Center,Active,1610612757,2017,2018,2017,1,10
201954,Darren,Collison,Darren Collison,1987-08-23T00:00:00,UCLA,USA,6-0,175,Guard,Active,1610612754,2009,2018,2009,1,21
1629045,Bonzie,Colson,Bonzie Colson,1996-01-12T00:00:00,Notre Dame,USA,6-6,225,Forward,Active,1610612749,2018,2018,Undrafted,Undrafted,Undrafted
201144,Mike,Conley,Mike Conley,1987-10-11T00:00:00,Ohio State,USA,6-1,175,Guard,Active,1610612763,2007,2018,2007,1,4
1626192,Pat,Connaughton,Pat Connaughton,1993-01-06T00:00:00,Notre Dame,USA,6-4,209,Guard,Active,1610612749,2015,2018,2015,2,41
1626188,Quinn,Cook,Quinn Cook,1993-03-23T00:00:00,Duke,USA,6-2,179,Guard,Active,1610612744,2016,2018,Undrafted,Undrafted,Undrafted
202326,DeMarcus,Cousins,DeMarcus Cousins,1990-08-13T00:00:00,Kentucky,USA,6-11,270,Center,Active,1610612744,2010,2018,2010,1,5
203496,Robert,Covington,Robert Covington,1990-12-14T00:00:00,Tennessee State,USA,6-9,225,Forward,Active,1610612750,2013,2018,Undrafted,Undrafted,Undrafted
203459,Allen,Crabbe,Allen Crabbe,1992-04-09T00:00:00,California,USA,6-6,212,Guard-Forward,Active,1610612751,2013,2018,2013,2,31
1628470,Torrey,Craig,Torrey Craig,1990-12-19T00:00:00,South Carolina Upstate,USA,6-7,215,Forward,Active,1610612743,2017,2018,Undrafted,Undrafted,Undrafted
2037,Jamal,Crawford,Jamal Crawford,1980-03-20T00:00:00,Michigan,USA,6-5,185,Guard,Active,1610612756,2000,2018,2000,1,8
203109,Jae,Crowder,Jae Crowder,1990-07-06T00:00:00,Marquette,USA,6-6,235,Forward,Active,1610612762,2012,2018,2012,2,34
201967,Dante,Cunningham,Dante Cunningham,1987-04-22T00:00:00,Villanova,USA,6-8,230,Forward,Active,1610612759,2009,2018,2009,2,33
203552,Seth,Curry,Seth Curry,1990-08-23T00:00:00,Duke,USA,6-2,185,Guard,Active,1610612757,2013,2018,Undrafted,Undrafted,Undrafted
201939,Stephen,Curry,Stephen Curry,1988-03-14T00:00:00,Davidson,USA,6-3,190,Guard,Active,1610612744,2009,2018,2009,1,7
203584,Troy,Daniels,Troy Daniels,1991-07-15T00:00:00,Virginia Commonwealth,USA,6-4,205,Guard,Active,1610612756,2013,2018,Undrafted,Undrafted,Undrafted
203076,Anthony,Davis,Anthony Davis,1993-03-11T00:00:00,Kentucky,USA,6-10,253,Forward-Center,Active,1610612740,2012,2018,2012,1,1
1627738,Deyonta,Davis,Deyonta Davis,1996-12-02T00:00:00,Michigan State,USA,6-11,237,Center-Forward,Active,1610612763,2016,2018,2016,2,31
202334,Ed,Davis,Ed Davis,1989-06-05T00:00:00,North Carolina,USA,6-10,225,Center,Active,1610612751,2010,2018,2010,1,13
201942,DeMar,DeRozan,DeMar DeRozan,1989-08-07T00:00:00,Southern California,USA,6-7,220,Guard,Active,1610612759,2009,2018,2009,1,9
203473,Dewayne,Dedmon,Dewayne Dedmon,1989-08-12T00:00:00,Southern California,USA,7-0,245,Center,Active,1610612737,2013,2018,Undrafted,Undrafted,Undrafted
1626155,Sam,Dekker,Sam Dekker,1994-05-08T00:00:00,Wisconsin,USA,6-9,230,Forward,Active,1610612764,2015,2018,2015,1,18
1629116,Angel,Delgado,Angel Delgado,1994-11-20T00:00:00,,Dominican Republic,6-10,245,Center,Active,1610612746,2018,2018,Undrafted,Undrafted,Undrafted
203521,Matthew,Dellavedova,Matthew Dellavedova,1990-09-08T00:00:00,Saint Mary's (CA),Australia,6-4,200,Guard,Active,1610612739,2013,2018,Undrafted,Undrafted,Undrafted
1628610,Cody,Demps,Cody Demps,1993-12-02T00:00:00,Sacramento State,USA,6-4,195,Forward,Active,1610612758,2018,2018,Undrafted,Undrafted,Undrafted
2736,Luol,Deng,Luol Deng,1985-04-16T00:00:00,Duke,United Kingdom,6-9,237,Forward,Active,1610612750,2004,2018,2004,1,7
1629094,Marcus,Derrickson,Marcus Derrickson,1996-02-01T00:00:00,,USA,6-7,249,Forward,Active,1610612744,2018,2018,Undrafted,Undrafted,Undrafted
1628978,Donte,DiVincenzo,Donte DiVincenzo,1997-01-31T00:00:00,Villanova,USA,6-4,203,Guard,Active,1610612749,2018,2018,2018,1,17
1627767,Cheick,Diallo,Cheick Diallo,1996-09-13T00:00:00,Kansas,Mali,6-9,220,Forward,Active,1610612740,2016,2018,2016,2,33
1628977,Hamidou,Diallo,Hamidou Diallo,1998-07-31T00:00:00,Kentucky,USA,6-5,198,Guard,Active,1610612760,2018,2018,2018,2,45
203476,Gorgui,Dieng,Gorgui Dieng,1990-01-18T00:00:00,Louisville,Senegal,6-11,252,Center,Active,1610612750,2013,2018,2013,1,21
203915,Spencer,Dinwiddie,Spencer Dinwiddie,1993-04-06T00:00:00,Colorado,USA,6-6,210,Guard,Active,1610612751,2014,2018,2014,2,38
1629029,Luka,Doncic,Luka Doncic,1999-02-28T00:00:00,,Slovenia,6-7,218,Forward-Guard,Active,1610612742,2018,2018,2018,1,3
1628416,Tyler,Dorsey,Tyler Dorsey,1996-02-18T00:00:00,Oregon,USA,6-5,183,Guard,Active,1610612763,2017,2018,2017,2,41
1628422,Damyean,Dotson,Damyean Dotson,1994-05-06T00:00:00,Houston,USA,6-6,210,Guard,Active,1610612752,2017,2018,2017,2,44
1628408,PJ,Dozier,PJ Dozier,1996-10-25T00:00:00,South Carolina,USA,6-6,205,Guard-Forward,Active,1610612738,2017,2018,Undrafted,Undrafted,Undrafted
201609,Goran,Dragic,Goran Dragic,1986-05-06T00:00:00,"Ljubljana, Slovenia",Slovenia,6-3,190,Guard,Active,1610612748,2008,2018,2008,2,45
203083,Andre,Drummond,Andre Drummond,1993-08-10T00:00:00,Connecticut,USA,6-11,279,Center,Active,1610612765,2012,2018,2012,1,9
201162,Jared,Dudley,Jared Dudley,1985-07-10T00:00:00,Boston College,USA,6-7,237,Forward,Active,1610612751,2007,2018,2007,1,22
1627739,Kris,Dunn,Kris Dunn,1994-03-18T00:00:00,Providence,USA,6-4,205,Guard,Active,1610612741,2016,2018,2016,1,5
201142,Kevin,Durant,Kevin Durant,1988-09-29T00:00:00,Texas,USA,6-9,240,Forward,Active,1610612744,2007,2018,2007,1,2
1628979,Trevon,Duval,Trevon Duval,1998-08-03T00:00:00,,USA,6-2,189,Guard,Active,1610612745,2018,2018,Undrafted,Undrafted,Undrafted
1629053,Vincent,Edwards,Vincent Edwards,1996-04-05T00:00:00,Purdue,USA,6-8,225,Forward,Active,1610612745,2018,2018,2018,2,52
1627740,Henry,Ellenson,Henry Ellenson,1997-01-13T00:00:00,Marquette,USA,6-11,245,Forward,Active,1610612752,2016,2018,2016,1,18
201961,Wayne,Ellington,Wayne Ellington,1987-11-29T00:00:00,North Carolina,USA,6-5,200,Guard,Active,1610612765,2009,2018,2009,1,28
203954,Joel,Embiid,Joel Embiid,1994-03-16T00:00:00,Kansas,Cameroon,7-0,250,Forward-Center,Active,1610612755,2014,2018,2014,1,3
203516,James,Ennis III,James Ennis III,1990-07-01T00:00:00,Long Beach State,USA,6-7,210,Forward,Active,1610612755,2014,2018,2013,2,50
1629234,Drew,Eubanks,Drew Eubanks,1997-02-01T00:00:00,,USA,6-10,245,Forward,Active,1610612759,2018,2018,Undrafted,Undrafted,Undrafted
1628980,Jacob,Evans,Jacob Evans,1997-06-18T00:00:00,Cincinnati,USA,6-6,210,Guard,Active,1610612744,2018,2018,2018,1,28
1628393,Jawun,Evans,Jawun Evans,1996-07-26T00:00:00,Oklahoma State,USA,6-0,190,Guard,Active,1610612760,2017,2018,2017,2,39
201936,Tyreke,Evans,Tyreke Evans,1989-09-19T00:00:00,Memphis,USA,6-6,220,Guard,Active,1610612754,2009,2018,2009,1,4
203957,Dante,Exum,Dante Exum,1995-07-13T00:00:00,,Australia,6-6,190,Guard,Active,1610612762,2014,2018,2014,1,5
202702,Kenneth,Faried,Kenneth Faried,1989-11-19T00:00:00,Morehead State,USA,6-8,220,Forward-Center,Active,1610612745,2011,2018,2011,1,22
202324,Derrick,Favors,Derrick Favors,1991-07-15T00:00:00,Georgia Tech,USA,6-10,265,Forward-Center,Active,1610612762,2010,2018,2010,1,3
1626245,Cristiano,Felicio,Cristiano Felicio,1992-07-07T00:00:00,,Brazil,6-10,265,Forward-Center,Active,1610612741,2015,2018,Undrafted,Undrafted,Undrafted
101109,Raymond,Felton,Raymond Felton,1984-06-26T00:00:00,North Carolina,USA,6-1,205,Guard,Active,1610612760,2005,2018,2005,1,5
1628390,Terrance,Ferguson,Terrance Ferguson,1998-05-17T00:00:00,,USA,6-7,190,Guard,Active,1610612760,2017,2018,2017,1,21
1627812,Yogi,Ferrell,Yogi Ferrell,1993-05-09T00:00:00,Indiana,USA,6-0,180,Guard,Active,1610612758,2016,2018,Undrafted,Undrafted,Undrafted
1627827,Dorian,Finney-Smith,Dorian Finney-Smith,1993-05-04T00:00:00,Florida,USA,6-8,220,Forward,Active,1610612742,2016,2018,Undrafted,Undrafted,Undrafted
1627854,Bryn,Forbes,Bryn Forbes,1993-07-23T00:00:00,Michigan State,USA,6-3,190,Guard,Active,1610612759,2016,2018,Undrafted,Undrafted,Undrafted
203095,Evan,Fournier,Evan Fournier,1992-10-29T00:00:00,France,France,6-7,205,Guard-Forward,Active,1610612753,2012,2018,2012,1,20
1628368,De'Aaron,Fox,De'Aaron Fox,1997-12-20T00:00:00,Kentucky,USA,6-3,175,Guard,Active,1610612758,2017,2018,2017,1,5
204025,Tim,Frazier,Tim Frazier,1990-11-01T00:00:00,,USA,6-1,170,Guard,Active,1610612749,2014,2018,Undrafted,Undrafted,Undrafted
1628982,Melvin,Frazier Jr.,Melvin Frazier Jr.,1996-08-30T00:00:00,Tulane,USA,6-6,200,Guard-Forward,Active,1610612753,2018,2018,2018,2,35
202690,Jimmer,Fredette,Jimmer Fredette,1989-02-25T00:00:00,Brigham Young,USA,6-2,195,Guard,Active,1610612758,2011,2018,2011,1,10
101112,Channing,Frye,Channing Frye,1983-05-17T00:00:00,Arizona,USA,7-0,255,Forward-Center,Active,1610612739,2005,2018,2005,1,8
1628365,Markelle,Fultz,Markelle Fultz,1998-05-29T00:00:00,Washington,USA,6-4,200,Guard,Active,1610612753,2017,2018,2017,1,1
1629117,Wenyen,Gabriel,Wenyen Gabriel,1997-03-26T00:00:00,,Sudan,6-9,205,Forward,Active,1610612758,2018,2018,Undrafted,Undrafted,Undrafted
201568,Danilo,Gallinari,Danilo Gallinari,1988-08-08T00:00:00,"Sant'Angelo Lodigiano, Italy",Italy,6-10,225,Forward,Active,1610612746,2008,2018,2008,1,6
204038,Langston,Galloway,Langston Galloway,1991-12-09T00:00:00,Saint Joseph's,USA,6-2,200,Guard,Active,1610612765,2014,2018,Undrafted,Undrafted,Undrafted
201188,Marc,Gasol,Marc Gasol,1985-01-29T00:00:00,"Barcelona, Spain",Spain,7-1,255,Center,Active,1610612761,2008,2018,2007,2,48
2200,Pau,Gasol,Pau Gasol,1980-07-06T00:00:00,"Barcelona, Spain",Spain,7-0,250,Center-Forward,Active,1610612749,2001,2018,2001,1,3
200752,Rudy,Gay,Rudy Gay,1986-08-17T00:00:00,Connecticut,USA,6-8,230,Forward,Active,1610612759,2006,2018,2006,1,8
202331,Paul,George,Paul George,1990-05-02T00:00:00,Fresno State,USA,6-9,220,Forward,Active,1610612760,2010,2018,2010,1,10
201959,Taj,Gibson,Taj Gibson,1985-06-24T00:00:00,Southern California,USA,6-9,232,Forward,Active,1610612750,2009,2018,2009,1,26
1628385,Harry,Giles III,Harry Giles III,1998-04-22T00:00:00,Duke,USA,6-10,240,Forward-Center,Active,1610612758,2017,2018,2017,1,20
1628983,Shai,Gilgeous-Alexander,Shai Gilgeous-Alexander,1998-07-12T00:00:00,Kentucky,Canada,6-6,181,Guard,Active,1610612746,2018,2018,2018,1,11
203497,Rudy,Gobert,Rudy Gobert,1992-06-26T00:00:00,France,France,7-1,245,Center,Active,1610612762,2013,2018,2013,1,27
1629164,Brandon,Goodwin,Brandon Goodwin,1995-10-02T00:00:00,,USA,6-2,180,Guard,Active,1610612743,2018,2018,Undrafted,Undrafted,Undrafted
203932,Aaron,Gordon,Aaron Gordon,1995-09-16T00:00:00,Arizona,USA,6-9,220,Forward,Active,1610612753,2014,2018,2014,1,4
201569,Eric,Gordon,Eric Gordon,1988-12-25T00:00:00,Indiana,USA,6-4,215,Guard,Active,1610612745,2008,2018,2008,1,7
1628984,Devonte',Graham,Devonte' Graham,1995-02-22T00:00:00,Kansas,USA,6-2,185,Guard,Active,1610612766,2018,2018,2018,2,34
1626203,Treveon,Graham,Treveon Graham,1993-10-28T00:00:00,Virginia Commonwealth,USA,6-5,225,Forward,Active,1610612751,2016,2018,Undrafted,Undrafted,Undrafted
203924,Jerami,Grant,Jerami Grant,1994-03-12T00:00:00,Syracuse,USA,6-9,220,Forward,Active,1610612760,2014,2018,2014,2,39
1626170,Jerian,Grant,Jerian Grant,1992-10-09T00:00:00,Notre Dame,USA,6-4,205,Guard,Active,1610612753,2015,2018,2015,1,19
1629055,Donte,Grantham,Donte Grantham,1995-03-19T00:00:00,Clemson,USA,6-8,215,Forward,Active,1610612760,2018,2018,Undrafted,Undrafted,Undrafted
201980,Danny,Green,Danny Green,1987-06-22T00:00:00,North Carolina,USA,6-6,215,Guard-Forward,Active,1610612761,2009,2018,2009,2,46
203110,Draymond,Green,Draymond Green,1990-03-04T00:00:00,Michigan State,USA,6-7,230,Forward,Active,1610612744,2012,2018,2012,2,35
101123,Gerald,Green,Gerald Green,1986-01-26T00:00:00,Gulf Shores Aca. (TX),USA,6-7,205,Guard-Forward,Active,1610612745,2005,2018,2005,1,18
203210,JaMychal,Green,JaMychal Green,1990-06-21T00:00:00,Alabama,USA,6-9,227,Forward,Active,1610612746,2014,2018,Undrafted,Undrafted,Undrafted
201145,Jeff,Green,Jeff Green,1986-08-28T00:00:00,Georgetown,USA,6-9,235,Forward,Active,1610612764,2007,2018,2007,1,5
201933,Blake,Griffin,Blake Griffin,1989-03-16T00:00:00,Oklahoma,USA,6-10,250,Forward,Active,1610612765,2009,2018,2009,1,1
203501,Tim,Hardaway Jr.,Tim Hardaway Jr.,1992-03-16T00:00:00,Michigan,USA,6-6,205,Guard,Active,1610612742,2013,2018,2013,1,24
201935,James,Harden,James Harden,1989-08-26T00:00:00,Arizona State,USA,6-5,220,Guard,Active,1610612745,2009,2018,2009,1,3
203090,Maurice,Harkless,Maurice Harkless,1993-05-11T00:00:00,St. John's (NY),USA,6-9,220,Forward,Active,1610612757,2012,2018,2012,1,15
1626149,Montrezl,Harrell,Montrezl Harrell,1994-01-26T00:00:00,Louisville,USA,6-8,240,Forward-Center,Active,1610612746,2015,2018,2015,2,32
2734,Devin,Harris,Devin Harris,1983-02-27T00:00:00,Wisconsin,USA,6-3,185,Guard,Active,1610612742,2004,2018,2004,1,5
203914,Gary,Harris,Gary Harris,1994-09-14T00:00:00,Michigan State,USA,6-4,210,Guard,Active,1610612743,2014,2018,2014,1,19
203925,Joe,Harris,Joe Harris,1991-09-06T00:00:00,Virginia,USA,6-6,218,Forward-Guard,Active,1610612751,2014,2018,2014,2,33
202699,Tobias,Harris,Tobias Harris,1992-07-15T00:00:00,Tennessee,USA,6-9,235,Forward,Active,1610612755,2011,2018,2011,1,19
1627885,Shaquille,Harrison,Shaquille Harrison,1993-10-06T00:00:00,Tulsa,USA,6-4,190,Guard,Active,1610612741,2017,2018,Undrafted,Undrafted,Undrafted
1628404,Josh,Hart,Josh Hart,1995-03-06T00:00:00,Villanova,USA,6-5,215,Guard,Active,1610612747,2017,2018,2017,1,30
1628392,Isaiah,Hartenstein,Isaiah Hartenstein,1998-05-05T00:00:00,,Germany,7-0,249,Forward-Center,Active,1610612745,2018,2018,2017,2,43
2617,Udonis,Haslem,Udonis Haslem,1980-06-09T00:00:00,Florida,USA,6-8,235,Forward,Active,1610612748,2003,2018,Undrafted,Undrafted,Undrafted
202330,Gordon,Hayward,Gordon Hayward,1990-03-23T00:00:00,Butler,USA,6-8,225,Forward,Active,1610612738,2010,2018,2010,1,9
203089,John,Henson,John Henson,1990-12-28T00:00:00,North Carolina,USA,6-11,219,Forward,Active,1610612739,2012,2018,2012,1,14
1627823,Juancho,Hernangomez,Juancho Hernangomez,1995-09-28T00:00:00,,Spain,6-9,230,Forward,Active,1610612743,2016,2018,2016,1,15
1626195,Willy,Hernangomez,Willy Hernangomez,1994-05-27T00:00:00,Spain,Spain,6-11,240,Center,Active,1610612766,2016,2018,2015,2,35
1626209,Mario,Hezonja,Mario Hezonja,1995-02-25T00:00:00,Croatia,Croatia,6-8,225,Forward,Active,1610612752,2015,2018,2015,1,5
1628439,Isaiah,Hicks,Isaiah Hicks,1994-07-24T00:00:00,North Carolina,USA,6-9,230,Forward,Active,1610612752,2017,2018,Undrafted,Undrafted,Undrafted
1627741,Buddy,Hield,Buddy Hield,1992-12-17T00:00:00,Oklahoma,Bahamas,6-4,214,Guard,Active,1610612758,2016,2018,2016,1,6
1629312,Haywood,Highsmith,Haywood Highsmith,1996-12-09T00:00:00,,USA,6-7,220,Forward,Active,1610612755,2018,2018,Undrafted,Undrafted,Undrafted
2403,Nene,Hilario,Nene,1982-09-13T00:00:00,"Sao Carlos, Brazil",Brazil,6-11,250,Center-Forward,Active,1610612745,2002,2018,2002,1,7
201588,George,Hill,George Hill,1986-05-04T00:00:00,Indiana Purdue-Indianapolis,USA,6-3,188,Guard,Active,1610612749,2008,2018,2008,1,26
203524,Solomon,Hill,Solomon Hill,1991-03-18T00:00:00,Arizona,USA,6-7,225,Forward,Active,1610612740,2013,2018,2013,1,23
1628988,Aaron,Holiday,Aaron Holiday,1996-09-30T00:00:00,California-Los Angeles,USA,6-1,185,Guard,Active,1610612754,2018,2018,2018,1,23
201950,Jrue,Holiday,Jrue Holiday,1990-06-12T00:00:00,UCLA,USA,6-4,205,Guard,Active,1610612740,2009,2018,2009,1,17
203200,Justin,Holiday,Justin Holiday,1989-04-05T00:00:00,Washington,USA,6-6,181,Forward-Guard,Active,1610612763,2012,2018,Undrafted,Undrafted,Undrafted
1626178,Rondae,Hollis-Jefferson,Rondae Hollis-Jefferson,1995-01-03T00:00:00,Arizona,USA,6-7,217,Forward,Active,1610612751,2015,2018,2015,1,23
1626158,Richaun,Holmes,Richaun Holmes,1993-10-15T00:00:00,Bowling Green,USA,6-10,235,Forward-Center,Active,1610612756,2015,2018,2015,2,37
203918,Rodney,Hood,Rodney Hood,1992-10-20T00:00:00,Duke,USA,6-8,206,Guard,Active,1610612757,2014,2018,2014,1,23
201143,Al,Horford,Al Horford,1986-06-03T00:00:00,Florida,Dominican Republic,6-10,245,Center-Forward,Active,1610612738,2007,2018,2007,1,3
1627863,Danuel,House Jr.,Danuel House Jr.,1993-06-07T00:00:00,Texas A&M,USA,6-7,220,Forward-Guard,Active,1610612745,2016,2018,Undrafted,Undrafted,Undrafted
2730,Dwight,Howard,Dwight Howard,1985-12-08T00:00:00,SW Atlanta Christian Academy (GA),USA,6-11,265,Center,Active,1610612764,2004,2018,2004,1,1
1628989,Kevin,Huerter,Kevin Huerter,1998-08-27T00:00:00,Maryland,USA,6-7,190,Guard,Active,1610612737,2018,2018,2018,1,19
1626154,RJ,Hunter,RJ Hunter,1993-10-24T00:00:00,Georgia State,USA,6-5,185,Guard,Active,1610612738,2015,2018,2015,1,28
1628990,Chandler,Hutchison,Chandler Hutchison,1996-04-26T00:00:00,Boise State,USA,6-7,197,Forward,Active,1610612741,2018,2018,2018,1,22
201586,Serge,Ibaka,Serge Ibaka,1989-09-18T00:00:00,"Brazzaville, Rep. of Congo",Democratic Republic of the Congo,6-10,235,Center-Forward,Active,1610612761,2009,2018,2008,1,24
2738,Andre,Iguodala,Andre Iguodala,1984-01-28T00:00:00,Arizona,USA,6-6,215,Guard-Forward,Active,1610612744,2004,2018,2004,1,9
101141,Ersan,Ilyasova,Ersan Ilyasova,1987-05-15T00:00:00,"Eskisehir, Turkey",Turkey,6-10,235,Forward,Active,1610612749,2006,2018,2005,2,36
204060,Joe,Ingles,Joe Ingles,1987-10-02T00:00:00,,Australia,6-8,226,Forward,Active,1610612762,2014,2018,Undrafted,Undrafted,Undrafted
1627742,Brandon,Ingram,Brandon Ingram,1997-09-02T00:00:00,Duke,USA,6-9,190,Forward,Active,1610612747,2016,2018,2016,1,2
202681,Kyrie,Irving,Kyrie Irving,1992-03-23T00:00:00,Duke,Australia,6-3,193,Guard,Active,1610612738,2011,2018,2011,1,1
1628371,Jonathan,Isaac,Jonathan Isaac,1997-10-03T00:00:00,Florida State,USA,6-10,210,Forward,Active,1610612753,2017,2018,2017,1,6
1628411,Wes,Iwundu,Wes Iwundu,1994-12-20T00:00:00,Kansas State,USA,6-7,195,Forward,Active,1610612753,2017,2018,2017,2,33
1628402,Frank,Jackson,Frank Jackson,1998-05-04T00:00:00,Duke,USA,6-3,205,Guard,Active,1610612740,2017,2018,2017,2,31
1628367,Josh,Jackson,Josh Jackson,1997-02-10T00:00:00,Kansas,USA,6-8,200,Forward,Active,1610612756,2017,2018,2017,1,4
1628382,Justin,Jackson,Justin Jackson,1995-03-28T00:00:00,North Carolina,USA,6-8,210,Forward,Active,1610612742,2017,2018,2017,1,15
202704,Reggie,Jackson,Reggie Jackson,1990-04-16T00:00:00,Boston College,USA,6-3,208,Guard,Active,1610612765,2011,2018,2011,1,24
1628991,Jaren,Jackson Jr.,Jaren Jackson Jr.,1999-09-15T00:00:00,Michigan State,USA,6-11,242,Forward-Center,Active,1610612763,2018,2018,2018,1,4
2544,LeBron,James,LeBron James,1984-12-30T00:00:00,St. Vincent-St. Mary HS (OH),USA,6-8,250,Forward,Active,1610612747,2003,2018,2003,1,1
1628518,Amile,Jefferson,Amile Jefferson,1993-05-07T00:00:00,Duke,USA,6-9,222,Forward,Active,1610612753,2017,2018,Undrafted,Undrafted,Undrafted
203098,John,Jenkins,John Jenkins,1991-03-06T00:00:00,Vanderbilt,USA,6-4,215,Guard,Active,1610612737,2012,2018,2012,1,23
201973,Jonas,Jerebko,Jonas Jerebko,1987-03-02T00:00:00,"Kinna, Sweden",Sweden,6-10,231,Forward,Active,1610612744,2009,2018,2009,2,39
1628993,Alize,Johnson,Alize Johnson,1996-04-22T00:00:00,Missouri State,USA,6-9,212,Forward,Active,1610612754,2018,2018,2018,2,50
101161,Amir,Johnson,Amir Johnson,1987-05-01T00:00:00,Westchester HS (Los Angeles),USA,6-9,240,Center-Forward,Active,1610612755,2005,2018,2005,2,56
1629168,BJ,Johnson,BJ Johnson,1995-12-21T00:00:00,,USA,6-7,200,Forward,Active,1610612737,2018,2018,Undrafted,Undrafted,Undrafted
201949,James,Johnson,James Johnson,1987-02-20T00:00:00,Wake Forest,USA,6-8,240,Forward,Active,1610612748,2009,2018,2009,1,16
1626169,Stanley,Johnson,Stanley Johnson,1996-05-29T00:00:00,Arizona,USA,6-7,245,Forward,Active,1610612740,2015,2018,2015,1,8
204020,Tyler,Johnson,Tyler Johnson,1992-05-07T00:00:00,Fresno State,USA,6-4,190,Guard,Active,1610612756,2014,2018,Undrafted,Undrafted,Undrafted
202325,Wesley,Johnson,Wesley Johnson,1987-07-11T00:00:00,Syracuse,USA,6-7,215,Forward-Guard,Active,1610612764,2010,2018,2010,1,4
203999,Nikola,Jokic,Nikola Jokic,1995-02-19T00:00:00,Serbia,Serbia,7-0,250,Center,Active,1610612743,2015,2018,2014,2,41
1627745,Damian,Jones,Damian Jones,1995-06-30T00:00:00,Vanderbilt,USA,7-0,245,Center,Active,1610612744,2016,2018,2016,1,30
1626145,Tyus,Jones,Tyus Jones,1996-05-10T00:00:00,Duke,USA,6-2,196,Guard,Active,1610612750,2015,2018,2015,1,24
1627884,Derrick,Jones Jr.,Derrick Jones Jr.,1997-02-15T00:00:00,Nevada-Las Vegas,USA,6-7,200,Forward-Guard,Active,1610612748,2016,2018,Undrafted,Undrafted,Undrafted
201599,DeAndre,Jordan,DeAndre Jordan,1988-07-21T00:00:00,Texas A&M,USA,6-11,265,Center,Active,1610612752,2008,2018,2008,2,35
202709,Cory,Joseph,Cory Joseph,1991-08-20T00:00:00,Texas,Canada,6-3,193,Guard,Active,1610612754,2011,2018,2011,1,29
1626163,Frank,Kaminsky,Frank Kaminsky,1993-04-04T00:00:00,Wisconsin,USA,7-0,242,Forward-Center,Active,1610612766,2015,2018,2015,1,9
202683,Enes,Kanter,Enes Kanter,1992-05-20T00:00:00,Kentucky,Turkey,6-11,250,Center,Active,1610612757,2011,2018,2011,1,3
1628379,Luke,Kennard,Luke Kennard,1996-06-24T00:00:00,Duke,USA,6-5,206,Guard,Active,1610612765,2017,2018,2017,1,12
203077,Michael,Kidd-Gilchrist,Michael Kidd-Gilchrist,1993-09-26T00:00:00,Kentucky,USA,6-7,232,Forward,Active,1610612766,2012,2018,2012,1,2
1628994,George,King,George King,1994-01-15T00:00:00,Colorado,USA,6-6,220,Forward,Active,1610612756,2018,2018,2018,2,59
1628467,Maxi,Kleber,Maxi Kleber,1992-01-29T00:00:00,,Germany,6-11,240,Forward,Active,1610612742,2017,2018,Undrafted,Undrafted,Undrafted
202688,Brandon,Knight,Brandon Knight,1991-12-02T00:00:00,Kentucky,USA,6-3,195,Guard,Active,1610612739,2011,2018,2011,1,8
1628995,Kevin,Knox,Kevin Knox,1999-08-11T00:00:00,Kentucky,USA,6-9,215,Forward,Active,1610612752,2018,2018,2018,1,9
1627788,Furkan,Korkmaz,Furkan Korkmaz,1997-07-24T00:00:00,,Turkey,6-7,190,Guard-Forward,Active,1610612755,2017,2018,2016,1,26
1628436,Luke,Kornet,Luke Kornet,1995-07-15T00:00:00,Vanderbilt,USA,7-1,250,Forward-Center,Active,1610612752,2017,2018,Undrafted,Undrafted,Undrafted
2594,Kyle,Korver,Kyle Korver,1981-03-17T00:00:00,Creighton,USA,6-7,212,Guard-Forward,Active,1610612762,2003,2018,2003,2,51
201585,Kosta,Koufos,Kosta Koufos,1989-02-24T00:00:00,Ohio State,USA,7-0,245,Center,Active,1610612758,2008,2018,2008,1,23
1629066,Rodions,Kurucs,Rodions Kurucs,1998-02-05T00:00:00,,Latvia,6-9,210,Forward,Active,1610612751,2018,2018,2018,2,40
1628398,Kyle,Kuzma,Kyle Kuzma,1995-07-24T00:00:00,Utah,USA,6-9,220,Forward,Active,1610612747,2017,2018,2017,1,27
203897,Zach,LaVine,Zach LaVine,1995-03-10T00:00:00,UCLA,USA,6-5,200,Guard,Active,1610612741,2014,2018,2014,1,13
1627746,Skal,Labissiere,Skal Labissiere,1996-03-18T00:00:00,Kentucky,Haiti,6-11,235,Forward,Active,1610612757,2016,2018,2016,1,28
203087,Jeremy,Lamb,Jeremy Lamb,1992-05-30T00:00:00,Connecticut,USA,6-5,185,Guard,Active,1610612766,2012,2018,2012,1,12
1627774,Jake,Layman,Jake Layman,1994-03-07T00:00:00,Maryland,USA,6-9,215,Forward,Active,1610612757,2016,2018,2016,2,47
1627747,Caris,LeVert,Caris LeVert,1994-08-25T00:00:00,Michigan,USA,6-7,204,Guard,Active,1610612751,2016,2018,2016,1,20
1628388,TJ,Leaf,TJ Leaf,1997-04-30T00:00:00,California-Los Angeles,USA,6-10,225,Forward,Active,1610612754,2017,2018,2017,1,18
201584,Courtney,Lee,Courtney Lee,1985-10-03T00:00:00,Western Kentucky,USA,6-5,215,Guard,Active,1610612742,2008,2018,2008,1,22
1627814,Damion,Lee,Damion Lee,1992-10-21T00:00:00,Louisville,USA,6-6,210,Guard,Active,1610612744,2017,2018,Undrafted,Undrafted,Undrafted
203458,Alex,Len,Alex Len,1993-06-16T00:00:00,Maryland,Ukraine,7-1,250,Center,Active,1610612737,2013,2018,2013,1,5
202695,Kawhi,Leonard,Kawhi Leonard,1991-06-29T00:00:00,San Diego State,USA,6-7,230,Forward,Active,1610612761,2011,2018,2011,1,15
203086,Meyers,Leonard,Meyers Leonard,1992-02-27T00:00:00,Illinois,USA,7-1,255,Forward-Center,Active,1610612757,2012,2018,2012,1,11
202720,Jon,Leuer,Jon Leuer,1989-05-14T00:00:00,Wisconsin,USA,6-10,228,Forward,Active,1610612765,2011,2018,2011,2,40
203081,Damian,Lillard,Damian Lillard,1990-07-15T00:00:00,Weber State,USA,6-3,195,Guard,Active,1610612757,2012,2018,2012,1,6
202391,Jeremy,Lin,Jeremy Lin,1988-08-23T00:00:00,Harvard,USA,6-3,200,Guard,Active,1610612761,2010,2018,Undrafted,Undrafted,Undrafted
2733,Shaun,Livingston,Shaun Livingston,1985-09-11T00:00:00,Peoria Central HS (IL),USA,6-7,192,Guard,Active,1610612744,2004,2018,2004,1,4
1626172,Kevon,Looney,Kevon Looney,1996-02-06T00:00:00,UCLA,USA,6-9,220,Center-Forward,Active,1610612744,2015,2018,2015,1,30
201572,Brook,Lopez,Brook Lopez,1988-04-01T00:00:00,Stanford,USA,7-0,270,Center,Active,1610612749,2008,2018,2008,1,10
201577,Robin,Lopez,Robin Lopez,1988-04-01T00:00:00,Stanford,USA,7-0,275,Center,Active,1610612741,2008,2018,2008,1,15
201567,Kevin,Love,Kevin Love,1988-09-07T00:00:00,UCLA,USA,6-10,251,Forward-Center,Active,1610612739,2008,2018,2008,1,5
200768,Kyle,Lowry,Kyle Lowry,1986-03-25T00:00:00,Villanova,USA,6-1,196,Guard,Active,1610612761,2006,2018,2006,1,24
1628070,Jordan,Loyd,Jordan Loyd,1993-07-27T00:00:00,Indianapolis,USA,6-4,210,Guard,Active,1610612761,2018,2018,Undrafted,Undrafted,Undrafted
203564,Kalin,Lucas,Kalin Lucas,1989-05-24T00:00:00,Michigan State,USA,6-1,195,Guard,Active,1610612763,2014,2018,Undrafted,Undrafted,Undrafted
1627789,Timothe,Luwawu-Cabarrot,Timothe Luwawu-Cabarrot,1995-05-09T00:00:00,,France,6-6,210,Guard-Forward,Active,1610612741,2016,2018,2016,1,24
1628399,Tyler,Lydon,Tyler Lydon,1996-04-09T00:00:00,Syracuse,USA,6-10,225,Forward,Active,1610612743,2017,2018,2017,1,24
1626168,Trey,Lyles,Trey Lyles,1995-11-05T00:00:00,Kentucky,USA,6-10,234,Forward,Active,1610612743,2015,2018,2015,1,12
203159,Scott,Machado,Scott Machado,1990-06-08T00:00:00,Iona,USA,6-1,205,Guard,Active,1610612745,2012,2018,Undrafted,Undrafted,Undrafted
202714,Shelvin,Mack,Shelvin Mack,1990-04-22T00:00:00,Butler,USA,6-3,203,Guard,Active,1610612766,2011,2018,2011,2,34
1629133,Daryl,Macon,Daryl Macon,1995-11-29T00:00:00,Arkansas,USA,6-3,185,Guard,Active,1610612742,2018,2018,Undrafted,Undrafted,Undrafted
1629122,J.P.,Macura,J.P. Macura,1995-06-05T00:00:00,Xavier (Ohio),USA,6-5,205,Guard,Active,1610612766,2018,2018,Undrafted,Undrafted,Undrafted
101133,Ian,Mahinmi,Ian Mahinmi,1986-11-05T00:00:00,"Rouen, France",France,6-11,262,Center,Active,1610612764,2007,2018,2005,1,28
1627748,Thon,Maker,Thon Maker,1997-02-25T00:00:00,,South Sudan,7-1,221,Forward,Active,1610612765,2016,2018,2016,1,10
1626246,Boban,Marjanovic,Boban Marjanovic,1988-08-15T00:00:00,,Serbia,7-3,290,Center,Active,1610612755,2015,2018,Undrafted,Undrafted,Undrafted
1628374,Lauri,Markkanen,Lauri Markkanen,1997-05-22T00:00:00,Arizona,Finland,7-0,240,Forward,Active,1610612741,2017,2018,2017,1,7
1626185,Jarell,Martin,Jarell Martin,1994-05-24T00:00:00,Louisiana State,USA,6-10,239,Forward,Active,1610612753,2015,2018,2015,1,25
1628412,Frank,Mason,Frank Mason,1994-04-03T00:00:00,Kansas,USA,5-11,190,Guard,Active,1610612758,2017,2018,2017,2,34
1628999,Yante,Maten,Yante Maten,1996-08-14T00:00:00,Georgia,USA,6-8,240,Forward,Active,1610612748,2018,2018,Undrafted,Undrafted,Undrafted
202083,Wesley,Matthews,Wesley Matthews,1986-10-14T00:00:00,Marquette,USA,6-5,220,Guard-Forward,Active,1610612754,2009,2018,Undrafted,Undrafted,Undrafted
201601,Luc,Mbah a Moute,Luc Mbah a Moute,1986-09-09T00:00:00,UCLA,Cameroon,6-8,230,Forward,Active,1610612746,2008,2018,2008,2,37
1627775,Patrick,McCaw,Patrick McCaw,1995-10-25T00:00:00,Nevada-Las Vegas,USA,6-7,185,Guard,Active,1610612761,2016,2018,2016,2,38
203468,CJ,McCollum,CJ McCollum,1991-09-19T00:00:00,Lehigh,USA,6-3,190,Guard,Active,1610612757,2013,2018,2013,1,10
204456,T.J.,McConnell,T.J. McConnell,1992-03-25T00:00:00,Arizona,USA,6-2,190,Guard,Active,1610612755,2015,2018,Undrafted,Undrafted,Undrafted
203926,Doug,McDermott,Doug McDermott,1992-01-03T00:00:00,Creighton,USA,6-8,225,Forward,Active,1610612754,2014,2018,2014,1,11
201580,JaVale,McGee,JaVale McGee,1988-01-19T00:00:00,Nevada,USA,7-0,270,Center,Active,1610612747,2008,2018,2008,1,18
203585,Rodney,McGruder,Rodney McGruder,1991-07-29T00:00:00,Kansas State,USA,6-4,200,Forward-Guard,Active,1610612748,2016,2018,Undrafted,Undrafted,Undrafted
1628035,Alfonzo,McKinnie,Alfonzo McKinnie,1992-09-17T00:00:00,Wisc.-Green Bay,USA,6-8,215,Forward,Active,1610612744,2017,2018,Undrafted,Undrafted,Undrafted
203895,Jordan,McRae,Jordan McRae,1991-03-28T00:00:00,Tennessee,USA,6-5,179,Guard,Active,1610612764,2015,2018,2014,2,58
201975,Jodie,Meeks,Jodie Meeks,1987-08-21T00:00:00,Kentucky,USA,6-4,210,Guard,Active,1610612755,2009,2018,2009,2,41
1626257,Salah,Mejri,Salah Mejri,1986-06-15T00:00:00,,Tunisia,7-2,235,Center,Active,1610612742,2015,2018,Undrafted,Undrafted,Undrafted
1629001,De'Anthony,Melton,De'Anthony Melton,1998-05-28T00:00:00,Southern California,USA,6-4,200,Guard,Active,1610612756,2018,2018,2018,2,46
1629002,Chimezie,Metu,Chimezie Metu,1997-03-22T00:00:00,Southern California,USA,6-10,225,Forward,Active,1610612759,2018,2018,2018,2,49
203114,Khris,Middleton,Khris Middleton,1991-08-12T00:00:00,Texas A&M,USA,6-8,222,Forward,Active,1610612749,2012,2018,2012,2,39
101139,CJ,Miles,CJ Miles,1987-03-18T00:00:00,Skyline HS (TX),USA,6-6,220,Forward-Guard,Active,1610612763,2005,2018,2005,2,34
203121,Darius,Miller,Darius Miller,1990-03-21T00:00:00,Kentucky,USA,6-8,225,Forward,Active,1610612740,2012,2018,2012,2,46
1626259,Malcolm,Miller,Malcolm Miller,1993-03-06T00:00:00,Holy Cross,USA,6-7,210,Forward,Active,1610612761,2017,2018,Undrafted,Undrafted,Undrafted
201988,Patty,Mills,Patty Mills,1988-08-11T00:00:00,Saint Mary's (CA),Australia,6-0,180,Guard,Active,1610612759,2009,2018,2009,2,55
200794,Paul,Millsap,Paul Millsap,1985-02-10T00:00:00,Louisiana Tech,USA,6-8,246,Forward,Active,1610612743,2006,2018,2006,2,47
1629003,Shake,Milton,Shake Milton,1996-09-26T00:00:00,Southern Methodist,USA,6-6,207,Guard,Active,1610612755,2018,2018,2018,2,54
202703,Nikola,Mirotic,Nikola Mirotic,1991-02-11T00:00:00,,Montenegro,6-10,250,Forward,Active,1610612749,2014,2018,2011,1,23
1628378,Donovan,Mitchell,Donovan Mitchell,1996-09-07T00:00:00,Louisville,USA,6-3,215,Guard,Active,1610612762,2017,2018,2017,1,13
1628513,Naz,Mitrou-Long,Naz Mitrou-Long,1993-08-03T00:00:00,Iowa State,Canada,6-4,218,Guard,Active,1610612762,2017,2018,Undrafted,Undrafted,Undrafted
1628370,Malik,Monk,Malik Monk,1998-02-04T00:00:00,Kentucky,USA,6-3,200,Guard,Active,1610612766,2017,2018,2017,1,11
202328,Greg,Monroe,Greg Monroe,1990-06-04T00:00:00,Georgetown,USA,6-11,265,Center,Active,1610612738,2010,2018,2010,1,7
1628500,Ben,Moore,Ben Moore,1995-05-13T00:00:00,Southern Methodist,USA,6-8,220,Forward,Active,1610612759,2017,2018,Undrafted,Undrafted,Undrafted
202734,E'Twaun,Moore,E'Twaun Moore,1989-02-25T00:00:00,Purdue,USA,6-4,191,Guard,Active,1610612740,2011,2018,2011,2,55
203961,Eric,Moreland,Eric Moreland,1991-12-24T00:00:00,Oregon State,USA,6-10,238,Forward-Center,Active,1610612761,2014,2018,Undrafted,Undrafted,Undrafted
202694,Marcus,Morris,Marcus Morris,1989-09-02T00:00:00,Kansas,USA,6-9,235,Forward,Active,1610612738,2011,2018,2011,1,14
202693,Markieff,Morris,Markieff Morris,1989-09-02T00:00:00,Kansas,USA,6-10,245,Forward,Active,1610612760,2011,2018,2011,1,13
1628420,Monte,Morris,Monte Morris,1995-06-27T00:00:00,Iowa State,USA,6-3,175,Guard,Active,1610612743,2017,2018,2017,2,51
1628405,Johnathan,Motley,Johnathan Motley,1995-05-04T00:00:00,Baylor,USA,6-10,230,Forward,Active,1610612746,2017,2018,Undrafted,Undrafted,Undrafted
202389,Timofey,Mozgov,Timofey Mozgov,1986-07-16T00:00:00,"St. Petersburg, Russia",Russia,7-1,275,Center,Active,1610612753,2010,2018,Undrafted,Undrafted,Undrafted
1626144,Emmanuel,Mudiay,Emmanuel Mudiay,1996-03-05T00:00:00,,Democratic Republic of the Congo,6-5,200,Guard,Active,1610612752,2015,2018,2015,1,7
1627749,Dejounte,Murray,Dejounte Murray,1996-09-19T00:00:00,Washington,USA,6-5,170,Guard,Active,1610612759,2016,2018,2016,1,29
1627750,Jamal,Murray,Jamal Murray,1997-02-23T00:00:00,Kentucky,Canada,6-4,207,Guard,Active,1610612743,2016,2018,2016,1,7
1629058,Dzanan,Musa,Dzanan Musa,1999-05-08T00:00:00,,Bosnia and Herzegovina,6-9,208,Guard-Forward,Active,1610612751,2018,2018,2018,1,29
203488,Mike,Muscala,Mike Muscala,1991-07-01T00:00:00,Bucknell,USA,6-11,240,Forward-Center,Active,1610612747,2013,2018,2013,2,44
1629004,Svi,Mykhailiuk,Svi Mykhailiuk,1997-06-10T00:00:00,Kansas,Ukraine,6-8,205,Guard,Active,1610612765,2018,2018,2018,2,47
1627846,Abdel,Nader,Abdel Nader,1993-09-25T00:00:00,Iowa State,Egypt,6-6,225,Forward,Active,1610612760,2017,2018,2016,2,58
1626204,Larry,Nance Jr.,Larry Nance Jr.,1993-01-01T00:00:00,Wyoming,USA,6-9,230,Forward,Active,1610612739,2015,2018,2015,1,27
203894,Shabazz,Napier,Shabazz Napier,1991-07-14T00:00:00,Connecticut,USA,6-1,180,Guard,Active,1610612751,2014,2018,2014,1,24
203526,Raul,Neto,Raul Neto,1992-05-19T00:00:00,,Brazil,6-1,179,Guard,Active,1610612762,2015,2018,2013,2,47
1627777,Georges,Niang,Georges Niang,1993-06-17T00:00:00,Iowa State,USA,6-8,230,Forward,Active,1610612762,2016,2018,2016,2,50
201149,Joakim,Noah,Joakim Noah,1985-02-25T00:00:00,Florida,USA,6-11,230,Center,Active,1610612763,2007,2018,2007,1,9
203457,Nerlens,Noel,Nerlens Noel,1994-04-10T00:00:00,Kentucky,USA,6-11,220,Forward-Center,Active,1610612760,2013,2018,2013,1,6
1717,Dirk,Nowitzki,Dirk Nowitzki,1978-06-19T00:00:00,"Wurzburg, Germany",Germany,7-0,245,Forward,Active,1610612742,1998,2018,1998,1,9
1628373,Frank,Ntilikina,Frank Ntilikina,1998-07-28T00:00:00,,France,6-6,200,Guard,Active,1610612752,2017,2018,2017,1,8
203994,Jusuf,Nurkic,Jusuf Nurkic,1994-08-23T00:00:00,,Bosnia and Herzegovina,7-0,275,Center,Active,1610612757,2014,2018,2014,1,16
1628021,David,Nwaba,David Nwaba,1993-01-14T00:00:00,Cal Poly-S.L.O.,USA,6-4,219,Guard,Active,1610612739,2016,2018,Undrafted,Undrafted,Undrafted
1626220,Royce,O'Neale,Royce O'Neale,1993-06-05T00:00:00,Baylor,USA,6-6,226,Forward,Active,1610612762,2017,2018,Undrafted,Undrafted,Undrafted
203124,Kyle,O'Quinn,Kyle O'Quinn,1990-03-26T00:00:00,Norfolk State,USA,6-10,250,Center,Active,1610612754,2012,2018,2012,2,49
1628400,Semi,Ojeleye,Semi Ojeleye,1994-12-05T00:00:00,Southern Methodist,USA,6-7,241,Forward,Active,1610612738,2017,2018,2017,2,37
1626143,Jahlil,Okafor,Jahlil Okafor,1995-12-15T00:00:00,Duke,USA,6-11,275,Center,Active,1610612740,2015,2018,2015,1,3
1629059,Elie,Okobo,Elie Okobo,1997-10-23T00:00:00,,France,6-3,190,Guard,Active,1610612756,2018,2018,2018,2,31
1629006,Josh,Okogie,Josh Okogie,1998-09-01T00:00:00,Georgia Tech,Nigeria,6-4,212,Guard,Active,1610612750,2018,2018,2018,1,20
203506,Victor,Oladipo,Victor Oladipo,1992-05-04T00:00:00,Indiana,USA,6-4,210,Guard,Active,1610612754,2013,2018,2013,1,2
203482,Kelly,Olynyk,Kelly Olynyk,1991-04-19T00:00:00,Gonzaga,Canada,7-0,240,Forward,Active,1610612748,2013,2018,2013,1,13
1626224,Cedi,Osman,Cedi Osman,1995-04-08T00:00:00,Anadolu Efes,Turkey,6-8,215,Forward,Active,1610612739,2017,2018,2015,2,31
1626162,Kelly,Oubre Jr.,Kelly Oubre Jr.,1995-12-09T00:00:00,Kansas,USA,6-7,205,Forward,Active,1610612756,2015,2018,2015,1,15
2585,Zaza,Pachulia,Zaza Pachulia,1984-02-10T00:00:00,"Tbilisi, Georgia",Georgia,6-11,270,Center,Active,1610612765,2003,2018,2003,2,42
203953,Jabari,Parker,Jabari Parker,1995-03-15T00:00:00,Duke,USA,6-8,245,Forward,Active,1610612764,2014,2018,2014,1,2
2225,Tony,Parker,Tony Parker,1982-05-17T00:00:00,"Paris, France",France,6-2,185,Guard,Active,1610612766,2001,2018,2001,1,28
202718,Chandler,Parsons,Chandler Parsons,1988-10-25T00:00:00,Florida,USA,6-10,230,Forward,Active,1610612763,2011,2018,2011,2,38
202335,Patrick,Patterson,Patrick Patterson,1989-03-14T00:00:00,Kentucky,USA,6-9,230,Forward,Active,1610612760,2010,2018,2010,1,14
1628383,Justin,Patton,Justin Patton,1997-06-14T00:00:00,Creighton,USA,7-0,241,Center,Active,1610612755,2017,2018,2017,1,16
101108,Chris,Paul,Chris Paul,1985-05-06T00:00:00,Wake Forest,USA,6-0,175,Guard,Active,1610612745,2005,2018,2005,1,4
203901,Elfrid,Payton,Elfrid Payton,1994-02-22T00:00:00,Louisiana-Lafayette,USA,6-4,185,Guard,Active,1610612740,2014,2018,2014,1,10
1629033,Theo,Pinson,Theo Pinson,1995-11-05T00:00:00,,USA,6-6,218,Guard-Forward,Active,1610612751,2018,2018,Undrafted,Undrafted,Undrafted
203486,Mason,Plumlee,Mason Plumlee,1990-03-05T00:00:00,Duke,USA,6-11,235,Forward-Center,Active,1610612743,2013,2018,2013,1,22
203101,Miles,Plumlee,Miles Plumlee,1988-09-01T00:00:00,Duke,USA,6-11,249,Center,Active,1610612737,2012,2018,2012,1,26
1627751,Jakob,Poeltl,Jakob Poeltl,1995-10-15T00:00:00,Utah,Austria,7-0,230,Center,Active,1610612759,2016,2018,2016,1,9
202347,Quincy,Pondexter,Quincy Pondexter,1988-03-10T00:00:00,Washington,USA,6-7,230,Forward,Active,1610612759,2010,2018,2010,1,26
1629008,Michael,Porter Jr.,Michael Porter Jr.,1998-06-29T00:00:00,Missouri,USA,6-10,210,Forward,Active,1610612743,2018,2018,2018,1,14
203490,Otto,Porter Jr.,Otto Porter Jr.,1993-06-03T00:00:00,Georgetown,USA,6-8,198,Forward,Active,1610612741,2013,2018,2013,1,3
1626171,Bobby,Portis,Bobby Portis,1995-02-10T00:00:00,Arkansas,USA,6-11,250,Forward,Active,1610612764,2015,2018,2015,1,22
204001,Kristaps,Porzingis,Kristaps Porzingis,1995-08-02T00:00:00,,Latvia,7-3,240,Forward-Center,Active,1610612742,2015,2018,2015,1,4
203939,Dwight,Powell,Dwight Powell,1991-07-20T00:00:00,Stanford,Canada,6-11,240,Forward-Center,Active,1610612742,2014,2018,2014,2,45
1626181,Norman,Powell,Norman Powell,1993-05-25T00:00:00,UCLA,USA,6-4,215,Forward-Guard,Active,1610612761,2015,2018,2015,2,46
1627816,Alex,Poythress,Alex Poythress,1993-09-06T00:00:00,Kentucky,USA,6-9,235,Forward,Active,1610612737,2016,2018,Undrafted,Undrafted,Undrafted
1627752,Taurean,Prince,Taurean Prince,1994-03-22T00:00:00,Baylor,USA,6-8,220,Forward,Active,1610612737,2016,2018,2016,1,12
1628397,Ivan,Rabb,Ivan Rabb,1997-02-04T00:00:00,California,USA,6-10,220,Forward,Active,1610612763,2017,2018,2017,2,35
1626184,Chasson,Randle,Chasson Randle,1993-02-05T00:00:00,Stanford,USA,6-2,185,Guard,Active,1610612764,2016,2018,Undrafted,Undrafted,Undrafted
203944,Julius,Randle,Julius Randle,1994-11-29T00:00:00,Kentucky,USA,6-9,250,Center-Forward,Active,1610612740,2014,2018,2014,1,7
200755,JJ,Redick,JJ Redick,1984-06-24T00:00:00,Duke,USA,6-4,200,Guard,Active,1610612755,2006,2018,2006,1,11
1628432,Davon,Reed,Davon Reed,1995-06-11T00:00:00,Miami (FL),USA,6-5,208,Guard,Active,1610612754,2017,2018,2017,2,32
1629244,Cameron,Reynolds,Cameron Reynolds,1995-02-07T00:00:00,,USA,6-8,225,Guard,Active,1610612750,2018,2018,Undrafted,Undrafted,Undrafted
1626196,Josh,Richardson,Josh Richardson,1993-09-15T00:00:00,Tennessee,USA,6-6,200,Guard-Forward,Active,1610612748,2015,2018,2015,2,40
203085,Austin,Rivers,Austin Rivers,1992-08-01T00:00:00,Duke,USA,6-4,200,Guard,Active,1610612745,2012,2018,2012,1,10
203460,Andre,Roberson,Andre Roberson,1991-12-04T00:00:00,Colorado,USA,6-7,210,Guard-Forward,Active,1610612760,2013,2018,2013,1,26
1628421,Devin,Robinson,Devin Robinson,1995-03-07T00:00:00,Florida,USA,6-8,200,Forward,Active,1610612764,2017,2018,Undrafted,Undrafted,Undrafted
1629130,Duncan,Robinson,Duncan Robinson,1994-04-22T00:00:00,Michigan,USA,6-8,210,Forward,Active,1610612748,2018,2018,Undrafted,Undrafted,Undrafted
1629010,Jerome,Robinson,Jerome Robinson,1997-02-22T00:00:00,Boston College,USA,6-5,190,Guard,Active,1610612746,2018,2018,2018,1,13
1629011,Mitchell,Robinson,Mitchell Robinson,1998-04-01T00:00:00,,USA,7-1,240,Center,Active,1610612752,2018,2018,2018,2,36
203922,Glenn,Robinson III,Glenn Robinson III,1994-01-08T00:00:00,Michigan,USA,6-6,222,Guard-Forward,Active,1610612765,2014,2018,2014,2,40
200765,Rajon,Rondo,Rajon Rondo,1986-02-22T00:00:00,Kentucky,USA,6-1,186,Guard,Active,1610612747,2006,2018,2006,1,21
201565,Derrick,Rose,Derrick Rose,1988-10-04T00:00:00,Memphis,USA,6-3,200,Guard,Active,1610612750,2008,2018,2008,1,1
203082,Terrence,Ross,Terrence Ross,1991-02-05T00:00:00,Washington,USA,6-7,206,Guard-Forward,Active,1610612753,2012,2018,2012,1,8
1626179,Terry,Rozier,Terry Rozier,1994-03-17T00:00:00,Louisville,USA,6-1,190,Guard,Active,1610612738,2015,2018,2015,1,16
201937,Ricky,Rubio,Ricky Rubio,1990-10-21T00:00:00,"El Masnou, Spain",Spain,6-4,190,Guard,Active,1610612762,2011,2018,2009,1,5
1626156,D'Angelo,Russell,D'Angelo Russell,1996-02-23T00:00:00,Ohio State,USA,6-5,198,Guard,Active,1610612751,2015,2018,2015,1,2
1627734,Domantas,Sabonis,Domantas Sabonis,1996-05-03T00:00:00,Gonzaga,Lithuania,6-11,240,Forward,Active,1610612754,2016,2018,2016,1,11
1629102,Brandon,Sampson,Brandon Sampson,1997-05-01T00:00:00,,USA,6-5,184,Guard,Active,1610612741,2018,2018,Undrafted,Undrafted,Undrafted
203967,Dario,Saric,Dario Saric,1994-04-08T00:00:00,,Croatia,6-10,223,Forward,Active,1610612750,2016,2018,2014,1,12
203107,Tomas,Satoransky,Tomas Satoransky,1991-10-30T00:00:00,,Czech Republic,6-7,210,Guard-Forward,Active,1610612764,2016,2018,2012,2,32
203471,Dennis,Schroder,Dennis Schroder,1993-09-15T00:00:00,Germany,Germany,6-1,172,Guard,Active,1610612760,2013,2018,2013,1,17
203118,Mike,Scott,Mike Scott,1988-07-16T00:00:00,Virginia,USA,6-8,237,Forward,Active,1610612755,2012,2018,2012,2,43
200757,Thabo,Sefolosha,Thabo Sefolosha,1984-05-02T00:00:00,"Vevey, Switzerland",Switzerland,6-7,220,Forward,Active,1610612762,2006,2018,2006,1,13
1627782,Wayne,Selden,Wayne Selden,1994-09-30T00:00:00,Kansas,USA,6-5,230,Guard-Forward,Active,1610612741,2016,2018,Undrafted,Undrafted,Undrafted
1629012,Collin,Sexton,Collin Sexton,1999-01-04T00:00:00,Alabama,USA,6-2,190,Guard,Active,1610612739,2018,2018,2018,1,8
1629013,Landry,Shamet,Landry Shamet,1997-03-13T00:00:00,Wichita State,USA,6-5,188,Guard,Active,1610612746,2018,2018,2018,1,26
202697,Iman,Shumpert,Iman Shumpert,1990-06-26T00:00:00,Georgia Tech,USA,6-5,215,Guard,Active,1610612745,2011,2018,2011,1,17
1627783,Pascal,Siakam,Pascal Siakam,1994-04-02T00:00:00,New Mexico State,Cameroon,6-9,230,Forward,Active,1610612761,2016,2018,2016,1,27
1627732,Ben,Simmons,Ben Simmons,1996-07-20T00:00:00,Louisiana State,Australia,6-10,230,Guard-Forward,Active,1610612755,2016,2018,2016,1,1
203613,Jonathon,Simmons,Jonathon Simmons,1989-09-14T00:00:00,Houston,USA,6-6,195,Forward,Active,1610612755,2015,2018,Undrafted,Undrafted,Undrafted
1629014,Anfernee,Simons,Anfernee Simons,1999-06-08T00:00:00,IMG Academy,USA,6-4,185,Guard,Active,1610612757,2018,2018,2018,1,24
203935,Marcus,Smart,Marcus Smart,1994-03-06T00:00:00,Oklahoma State,USA,6-4,220,Guard,Active,1610612738,2014,2018,2014,1,6
202397,Ish,Smith,Ish Smith,1988-07-05T00:00:00,Wake Forest,USA,6-0,175,Guard,Active,1610612765,2010,2018,Undrafted,Undrafted,Undrafted
2747,JR,Smith,JR Smith,1985-09-09T00:00:00,St. Benedict's Prep (NJ),USA,6-6,225,Guard-Forward,Active,1610612739,2004,2018,2004,1,18
1629015,Zhaire,Smith,Zhaire Smith,1999-06-04T00:00:00,Texas Tech,USA,6-4,199,Guard,Active,1610612755,2018,2018,2018,1,16
1628372,Dennis,Smith Jr.,Dennis Smith Jr.,1997-11-25T00:00:00,North Carolina State,USA,6-3,195,Guard,Active,1610612752,2017,2018,2017,1,9
203503,Tony,Snell,Tony Snell,1991-11-10T00:00:00,New Mexico,USA,6-7,213,Guard,Active,1610612749,2013,2018,2013,1,20
1629034,Ray,Spalding,Ray Spalding,1997-03-11T00:00:00,Louisville,USA,6-10,215,Forward,Active,1610612756,2018,2018,2018,2,56
1629016,Omari,Spellman,Omari Spellman,1997-07-21T00:00:00,Villanova,USA,6-9,245,Forward,Active,1610612737,2018,2018,2018,1,30
203917,Nik,Stauskas,Nik Stauskas,1993-10-07T00:00:00,Michigan,Canada,6-6,205,Guard,Active,1610612739,2014,2018,2014,1,8
202362,Lance,Stephenson,Lance Stephenson,1990-09-05T00:00:00,Cincinnati,USA,6-6,230,Guard,Active,1610612747,2010,2018,2010,2,40
1628410,Edmond,Sumner,Edmond Sumner,1995-12-31T00:00:00,Xavier,USA,6-6,176,Guard,Active,1610612754,2017,2018,2017,2,52
1628403,Caleb,Swanigan,Caleb Swanigan,1997-04-18T00:00:00,Purdue,USA,6-9,250,Forward,Active,1610612758,2017,2018,2017,1,26
1628369,Jayson,Tatum,Jayson Tatum,1998-03-03T00:00:00,Duke,USA,6-8,208,Forward,Active,1610612738,2017,2018,2017,1,3
201952,Jeff,Teague,Jeff Teague,1988-06-10T00:00:00,Wake Forest,USA,6-2,195,Guard,Active,1610612750,2009,2018,2009,1,19
202066,Garrett,Temple,Garrett Temple,1986-05-08T00:00:00,Louisiana State,USA,6-6,195,Guard-Forward,Active,1610612746,2009,2018,Undrafted,Undrafted,Undrafted
1629123,Jared,Terrell,Jared Terrell,1995-02-10T00:00:00,Rhode Island,USA,6-3,227,Guard,Active,1610612750,2018,2018,Undrafted,Undrafted,Undrafted
1628464,Daniel,Theis,Daniel Theis,1992-04-04T00:00:00,,Germany,6-8,243,Forward,Active,1610612738,2017,2018,Undrafted,Undrafted,Undrafted
202738,Isaiah,Thomas,Isaiah Thomas,1989-02-07T00:00:00,Washington,USA,5-9,185,Guard,Active,1610612743,2011,2018,2011,2,60
1629017,Khyri,Thomas,Khyri Thomas,1996-05-08T00:00:00,Creighton,USA,6-3,210,Guard,Active,1610612765,2018,2018,2018,2,38
202498,Lance,Thomas,Lance Thomas,1988-04-24T00:00:00,Duke,USA,6-8,240,Forward,Active,1610612752,2011,2018,Undrafted,Undrafted,Undrafted
202691,Klay,Thompson,Klay Thompson,1990-02-08T00:00:00,Washington State,USA,6-7,215,Guard,Active,1610612744,2011,2018,2011,1,11
202684,Tristan,Thompson,Tristan Thompson,1991-03-13T00:00:00,Texas,Canada,6-10,238,Center-Forward,Active,1610612739,2011,2018,2011,1,4
1628414,Sindarius,Thornwell,Sindarius Thornwell,1994-11-15T00:00:00,South Carolina,USA,6-5,215,Guard,Active,1610612746,2017,2018,2017,2,48
201229,Anthony,Tolliver,Anthony Tolliver,1985-06-01T00:00:00,Creighton,USA,6-8,250,Forward,Active,1610612750,2008,2018,Undrafted,Undrafted,Undrafted
1626157,Karl-Anthony,Towns,Karl-Anthony Towns,1995-11-15T00:00:00,Kentucky,USA,7-0,248,Center,Active,1610612750,2015,2018,2015,1,1
1629018,Gary,Trent Jr.,Gary Trent Jr.,1999-01-18T00:00:00,,USA,6-6,205,Guard,Active,1610612757,2018,2018,Undrafted,Undrafted,Undrafted
1629019,Allonzo,Trier,Allonzo Trier,1996-01-17T00:00:00,University of Arizona,USA,6-5,200,Guard,Active,1610612752,2018,2018,Undrafted,Undrafted,Undrafted
200782,PJ,Tucker,PJ Tucker,1985-05-05T00:00:00,Texas,USA,6-6,245,Forward,Active,1610612745,2006,2018,2006,2,35
202323,Evan,Turner,Evan Turner,1988-10-27T00:00:00,Ohio State,USA,6-7,220,Guard-Forward,Active,1610612757,2010,2018,2010,1,2
1626167,Myles,Turner,Myles Turner,1996-03-24T00:00:00,Texas,USA,6-11,250,Center-Forward,Active,1610612754,2015,2018,2015,1,11
202327,Ekpe,Udoh,Ekpe Udoh,1987-05-20T00:00:00,Baylor,USA,6-10,245,Center-Forward,Active,1610612762,2010,2018,2010,1,6
202685,Jonas,Valanciunas,Jonas Valanciunas,1992-05-06T00:00:00,"Utena, Lithuania",Lithuania,7-0,265,Center,Active,1610612763,2012,2018,2011,1,5
1627756,Denzel,Valentine,Denzel Valentine,1993-11-16T00:00:00,Michigan State,USA,6-6,210,Guard,Active,1610612741,2016,2018,2016,1,14
1627832,Fred,VanVleet,Fred VanVleet,1994-02-25T00:00:00,Wichita State,USA,6-0,195,Guard,Active,1610612761,2016,2018,Undrafted,Undrafted,Undrafted
1629020,Jarred,Vanderbilt,Jarred Vanderbilt,1999-04-03T00:00:00,Kentucky,USA,6-9,214,Forward,Active,1610612743,2018,2018,2018,2,41
203943,Noah,Vonleh,Noah Vonleh,1995-08-24T00:00:00,Indiana,USA,6-9,250,Forward,Active,1610612752,2014,2018,2014,1,9
202696,Nikola,Vucevic,Nikola Vucevic,1990-10-24T00:00:00,Southern California,Montenegro,7-0,260,Center,Active,1610612753,2011,2018,2011,1,16
2548,Dwyane,Wade,Dwyane Wade,1982-01-17T00:00:00,Marquette,USA,6-4,220,Guard,Active,1610612748,2003,2018,2003,1,5
1629021,Moritz,Wagner,Moritz Wagner,1997-04-26T00:00:00,Michigan,Germany,6-11,245,Center,Active,1610612747,2018,2018,2018,1,25
203079,Dion,Waiters,Dion Waiters,1991-12-10T00:00:00,Syracuse,USA,6-4,215,Guard,Active,1610612748,2012,2018,2012,1,4
202689,Kemba,Walker,Kemba Walker,1990-05-08T00:00:00,Connecticut,USA,6-1,184,Guard,Active,1610612766,2011,2018,2011,1,9
1629022,Lonnie,Walker IV,Lonnie Walker IV,1998-12-14T00:00:00,Miami (FL),USA,6-5,205,Guard,Active,1610612759,2018,2018,2018,1,18
202322,John,Wall,John Wall,1990-09-06T00:00:00,Kentucky,USA,6-4,210,Guard,Active,1610612764,2010,2018,2010,1,1
1627820,Tyrone,Wallace,Tyrone Wallace,1994-06-10T00:00:00,California,USA,6-5,198,Guard,Active,1610612746,2017,2018,2016,2,60
202954,Brad,Wanamaker,Brad Wanamaker,1989-07-25T00:00:00,Pittsburgh,USA,6-4,210,Guard,Active,1610612738,2018,2018,Undrafted,Undrafted,Undrafted
203933,T.J.,Warren,T.J. Warren,1993-09-05T00:00:00,North Carolina State,USA,6-8,215,Forward,Active,1610612756,2014,2018,2014,1,14
1627395,Julian,Washburn,Julian Washburn,1991-12-18T00:00:00,Texas-El Paso,USA,6-8,209,Forward-Guard,Active,1610612763,2018,2018,Undrafted,Undrafted,Undrafted
1629139,Yuta,Watanabe,Yuta Watanabe,1994-10-13T00:00:00,George Washington,Japan,6-9,205,Guard,Active,1610612763,2018,2018,Undrafted,Undrafted,Undrafted
1629118,Thomas,Welsh,Thomas Welsh,1996-02-03T00:00:00,California-Los Angeles,USA,7-0,255,Center,Active,1610612743,2018,2018,2018,2,58
201566,Russell,Westbrook,Russell Westbrook,1988-11-12T00:00:00,UCLA,USA,6-3,200,Guard,Active,1610612760,2008,2018,2008,1,4
1628401,Derrick,White,Derrick White,1994-07-02T00:00:00,Colorado,USA,6-4,190,Guard,Active,1610612759,2017,2018,2017,1,29
1627785,Isaiah,Whitehead,Isaiah Whitehead,1995-03-08T00:00:00,Seton Hall,USA,6-4,213,Guard,Active,1610612751,2016,2018,2016,2,42
202355,Hassan,Whiteside,Hassan Whiteside,1989-06-13T00:00:00,Marshall,USA,7-0,265,Center,Active,1610612748,2010,2018,2010,2,33
203952,Andrew,Wiggins,Andrew Wiggins,1995-02-23T00:00:00,Kansas,Canada,6-8,194,Forward-Guard,Active,1610612750,2014,2018,2014,1,1
1626210,Alan,Williams,Alan Williams,1993-01-28T00:00:00,California-Santa Barbara,USA,6-8,265,Forward-Center,Active,1610612756,2015,2018,Undrafted,Undrafted,Undrafted
203710,C.J.,Williams,C.J. Williams,1990-02-06T00:00:00,North Carolina State,USA,6-5,226,Guard,Active,1610612750,2017,2018,Undrafted,Undrafted,Undrafted
1629140,Johnathan,Williams,Johnathan Williams,1995-05-22T00:00:00,Gonzaga,USA,6-9,228,Forward,Active,1610612747,2018,2018,Undrafted,Undrafted,Undrafted
1629026,Kenrich,Williams,Kenrich Williams,1994-12-02T00:00:00,,USA,6-7,210,Guard-Forward,Active,1610612740,2018,2018,Undrafted,Undrafted,Undrafted
101150,Lou,Williams,Lou Williams,1986-10-27T00:00:00,South Gwinnett HS (GA),USA,6-1,175,Guard,Active,1610612746,2005,2018,2005,2,45
101107,Marvin,Williams,Marvin Williams,1986-06-19T00:00:00,North Carolina,USA,6-9,237,Forward,Active,1610612766,2005,2018,2005,1,2
1627786,Troy,Williams,Troy Williams,1994-12-30T00:00:00,Indiana,USA,6-7,218,Forward,Active,1610612758,2016,2018,Undrafted,Undrafted,Undrafted
1629057,Robert,Williams III,Robert Williams III,1997-10-17T00:00:00,Texas A&M,USA,6-10,240,Center-Forward,Active,1610612738,2018,2018,2018,1,27
1628391,D.J.,Wilson,D.J. Wilson,1996-02-19T00:00:00,Michigan,USA,6-10,231,Forward,Active,1610612749,2017,2018,2017,1,17
1626159,Justise,Winslow,Justise Winslow,1996-03-26T00:00:00,Duke,USA,6-7,225,Forward,Active,1610612748,2015,2018,2015,1,10
1626174,Christian,Wood,Christian Wood,1995-09-27T00:00:00,Nevada-Las Vegas,USA,6-10,214,Forward,Active,1610612740,2015,2018,Undrafted,Undrafted,Undrafted
1626153,Delon,Wright,Delon Wright,1992-04-26T00:00:00,Utah,USA,6-5,183,Guard,Active,1610612763,2015,2018,2015,1,20
1627824,Guerschon,Yabusele,Guerschon Yabusele,1995-12-17T00:00:00,,France,6-8,260,Forward,Active,1610612738,2016,2018,2016,1,16
201152,Thaddeus,Young,Thaddeus Young,1988-06-21T00:00:00,Georgia Tech,USA,6-8,221,Forward,Active,1610612754,2007,2018,2007,1,12
1629027,Trae,Young,Trae Young,1998-09-19T00:00:00,Oklahoma,USA,6-2,180,Guard,Active,1610612737,2018,2018,2018,1,5
203469,Cody,Zeller,Cody Zeller,1992-10-05T00:00:00,Indiana,USA,7-0,240,Center,Active,1610612766,2013,2018,2013,1,4
1627790,Ante,Zizic,Ante Zizic,1997-01-04T00:00:00,,Croatia,6-11,254,Center,Active,1610612739,2017,2018,2016,1,23
1627826,Ivica,Zubac,Ivica Zubac,1997-03-18T00:00:00,,Croatia,7-1,240,Center,Active,1610612746,2016,2018,2016,2,32
